word1,word2
acetaldehyde,header
iodised,noninstitutionalised
affiant,nonsocial
intemperately,souk
hedonic,quintupling
brindle,uppermost
confection,morality
drably,patency
defuse,liveborn
correlativity,nonsense
bulldoze,midvein
meteoroid,multiprocessing
decimalize,paltry
octal,refinance
adenocarcinoma,tomorrow
halfpennyworth,leitmotiv
bigarade,lipomatosis
croft,unchangingness
hieratical,interesting
generally,phenacomys
inhabitation,overact
antipollution,narcotising
kiwi,mainsheet
ascoma,detusk
lucidness,subclinical
deeply,licensed
carbonise,stated
accenting,interrupted
birthroot,desquamate
appendant,perigonium
cork,nanomia
amused,rotisserie
frijole,tarot
briarroot,shorthand
narial,thunderhead
fogged,rugged
rorqual,silent
barmy,burial
telescopic,unbacked
forget,quaff
cilial,temporally
gregariously,pachycephalosaur
cislunar,unmapped
chimp,milfoil
sibyl,swither
legislature,touchstone
transfix,windy
outpatient,phrasing
egg,railhead
impugn,protrude
ferrous,monocotyledonous
mere,tabu
heavenwards,nearsighted
asthenopia,disappearance
amicably,cloisonne
nonfiction,team
soiree,warring
mantiger,welt
dink,liveryman
contrabandist,olivine
blatancy,towny
polyploidy,samekh
monetize,motherless
detractor,truculently
nutter,tranquilizer
rhythmicity,sunbaked
retroversion,yokel
becharm,suppleness
cherimolla,clairvoyance
hogg,hyena
longsighted,nigra
anisotropically,unheated
chuffed,cowbarn
encephalitis,sandhopper
effluvium,sarcoidosis
coherence,tonsillitis
cryptorchidism,gazelle
constructive,uncompromisingly
slanted,taekwondo
hifalutin,labelled
amentia,bleeding
kilobyte,unsuited
anorchia,manhole
chasteness,noria
invisible,pikeblenny
hemorrhage,hickey
confuter,villa
multinomial,shammer
calcedony,peignoir
flack,rural
compactly,waxy
mistreated,undrinkable
chinked,spooky
reticular,welter
abranchiate,ringway
excruciation,ravish
blister,councilorship
quincentenary,silkscreen
ferociousness,oscillogram
jogging,shoo
handwriting,sniffer
footage,outstrip
acorn,eighteen
bod,evolutionist
actinometric,depone
ductless,multimedia
conscription,splinterproof
fibromyositis,pampering
cucurbitaceous,deboned
agreed,humanism
phlebotomize,siderocyte
aerolitic,fiberoptic
admission,steatocystoma
cadaver,repatriation
denatured,inappreciable
disheartenment,untechnical
gibbose,scoutmaster
capitalization,falling
indisputable,spritsail
median,triplicity
castled,incendiary
archaebacterium,hairdressing
acclimatisation,seductive
avitaminotic,candid
exoskeleton,unguarded
conjuration,leveraging
calx,congruent
unstableness,untethered
leaden,stuntedness
redhorse,unleavened
cannulise,taximan
conductive,overhear
diazo,reservation
empennage,sacrificer
encrusted,nonprofit
hypogammaglobulinemia,transept
dhak,killing
imprudence,understandability
blotto,inure
falter,tofu
polychromize,recapture
biochip,monoamine
pentylenetetrazol,unmalleability
pulseless,undecipherable
keeper,thermogravimetry
billhook,weakened
mortician,thresh
machinery,particularistic
shingly,vassal
local,succorer
inferior,snapdragon
gemmule,scrambler
argentiferous,blockade
fencelike,tasse
overstep,whiskerless
jamming,tanekaha
joking,lymphocyte
aluminiferous,protean
superannuated,tutorial
flinthead,poster
haemoglobinopathy,synesthesia
achondroplastic,commotion
bum,dunk
comprehensive,mouldy
brooklet,flatter
blastosphere,coloradillo
amnion,proctologist
centavo,fix
commercial,sarcenet
palm,perusal
firmware,naively
dear,fernlike
misfortune,tilefish
neutron,popishly
argumentation,untune
briquet,exasperation
diving,pushing
acantholysis,tirolean
anatomical,inheriting
sabre,sec
fiberscope,plasmapheresis
baccivorous,biota
cuirassier,infestation
hilarity,thundering
epidural,folderol
biparous,destined
freestyle,pettiness
immunoassay,newswriter
martingale,proconvertin
patterned,podalgia
categorization,java
nonextant,scantily
etch,weightlift
misconception,rhododendron
gynecologic,retrograde
nonmoving,papaia
lay,lysis
dighted,swordsman
candle,dacha
childlessness,runcinate
adorable,stridulate
importer,seizure
larger,seasoned
ruttish,staffer
market,moil
salesclerk,shred
collagenic,pronto
chimneystack,sprinkle
ablism,supping
conacaste,unmedical
abomasum,spacious
displeasure,querulous
lavishly,teeter
soiled,tweediness
depress,uricaciduria
nontoxic,pupa
muddled,plush
hooliganism,trustingness
acold,sporangium
difficulty,trigeminal
ankylosaur,tularemia
alliance,crumple
cracksman,tactics
detestable,underbred
bedizen,shamefaced
disparity,evolve
alfilaria,tumidness
boliviano,gust
chump,mood
cerebrovascular,disdain
homosexualism,malacopterygian
lour,nitrous
amyotrophy,convalescent
contemporaneity,drape
aldol,smilax
agreed,reportable
despoiled,twisting
hiking,usableness
longer,lubrication
liveliness,pensionary
extrusive,popularise
tiled,unconscionable
ccc,noisy
penuche,reconvict
angelic,systematics
crystallographer,deserving
electrodeposition,perspicuousness
coondog,humility
guardhouse,interior
licit,slanderer
dinnertime,mockingly
fieriness,inhale
impartiality,noradrenaline
birdlime,scrum
handbasin,suborbital
duffel,socialism
arborolatry,marinate
intentionally,serum
dependance,squareness
heap,lymphangiectasis
habilitate,pinnace
globose,veinal
pretense,signal
society,wellborn
acquittal,senselessness
intersex,introductory
across,ironing
cobia,valiance
dinero,longer
lungfish,synopsis
correct,suburbanite
retentivity,sudden
avifaunal,panzer
capelin,sunrose
allocatable,bracteole
abhorrence,flatus
engram,lycopod
asterisked,twofold
inscription,unpretentious
dumpy,woodiness
bakehouse,countercharge
all,proparoxytone
rockbound,southeastwardly
blitz,pleasant
hyperpnea,volatile
flair,punkah
cytochrome,speeding
homocentric,uncurved
fish,scaphopod
dithering,galvanometer
amnion,cathouse
aneurysmal,radiotherapy
lacer,unmotivated
censer,untaught
scavenge,ulemorrhagia
divisibility,fortification
corporatist,riata
curlicue,filial
cyclohexanol,port
airy,seismology
lexically,plangent
keratoscleritis,salute
electrically,inconvenient
assuage,penance
enlargement,inland
chickenfeed,wildlife
downbeat,prelim
neoclassic,opus
ability,experiment
precognitive,veery
burrow,spitz
catastrophe,pyrethrum
cuneiform,diabolical
opepe,potshot
presumably,putative
haberdasher,mestranol
demythologize,parhelic
friskily,prehensile
soccer,temporiser
masses,pigmentation
moquette,orthodox
tannish,zeolite
pneumonia,swallowwort
glossodynia,reprint
landgrave,woe
runabout,strife
ridiculous,symbolisation
defeat,septette
lontar,pyrotechny
ancestry,collecting
noctiluca,redetermine
coalescency,fisher
fringy,precursor
dirtying,facilitator
annum,circularization
apish,wither
oilman,unforceful
defame,proline
environment,unsatiated
bloater,costing
punitory,telephony
noviciate,unfocussed
decrepit,judicially
freewheeler,remount
sanity,suitable
ascitic,lateralization
sheepman,tannery
biennially,photomontage
calculate,cockamamy
discouragingly,stratus
churchgoing,interpersonal
doh,toiletry
torturously,townspeople
dupery,nonenterprising
empathise,neuropsychiatry
dermatological,hyperthyroidism
industrious,sagitta
gibbosity,jeweler
memorability,thriller
lampoon,quizzically
brazen,chondrin
claw,freakishly
calycle,magnetize
hypercholesterolemia,sophistic
century,toponym
dunghill,xliv
agiotage,calibrated
comradeship,enraged
astrakhan,homostylous
convent,mudcat
dissolving,spiceberry
transistorised,undemonstrative
spanner,spearhead
booth,polyuria
dead,disinformation
acorn,upended
decimal,toastrack
bombardon,prosiness
golden,nigella
barrel,divisive
relishing,shipyard
commandment,zloty
fashionably,rinsing
gran,shaking
nullity,scarper
douroucouli,mordant
manicure,simoleons
osmosis,vicinal
sprightly,trustee
guan,ventricle
decubitus,masseur
lymphangiectasia,sympetalous
astringent,cowpea
comfortable,rattlebox
centerfielder,lamenting
kopje,saver
spiritualisation,ultranationalistic
multiplicand,rhapsodically
latakia,pappose
electrician,nubile
busily,impoverish
stole,subalpine
unmeasurable,waxiness
aqualung,sideways
participatory,roundup
commons,fart
drubbing,lanate
crocheting,preferent
unmovable,viscoelastic
conversance,shakeout
chino,rhodanthe
barmy,barrater
disseminative,lally
cristobalite,impoverishment
animate,gusset
heterotrophic,leasehold
kabbalism,medulla
ingrowth,plebe
irreparable,ropy
biaxial,fueled
brontosaur,funambulist
blackberry,conveyable
demoralized,looting
citadel,fiasco
frailty,tenia
dastardly,recombinant
absolve,hydromancer
aide,systolic
bandit,isosmotic
hypovitaminosis,maraschino
cenobite,subsidiarity
jaggedly,ordinal
suppurative,tease
memorialise,prospector
misdemean,seasick
methanol,munificent
deadpan,orchestrated
jejunity,palooka
evolution,zebrawood
canulation,staging
elegiac,inconsiderateness
abbreviated,punitory
prejudice,unsuited
soldiery,spittle
extempore,unbridle
hypocapnia,thrift
phagocytic,slapdash
sparring,subthalamus
lateralize,treenail
liebfraumilch,stippled
aphelion,injudiciously
apraxia,chock
mepacrine,parcelling
fundamentalist,scornful
adjuratory,lecturing
mudguard,perceptibility
duct,gramme
ionization,ruin
covetous,lovelorn
outdoor,resurrection
hackwork,onionskin
contractile,taupe
neutering,sensual
astral,fashion
boulevard,foodstuff
cosmetic,jawbreaker
geranium,voracity
cagy,though
ploughed,spiffy
astrologer,schooner
countdown,tailflower
deferment,neolith
agribusiness,originative
inordinate,prospering
delineation,jaboncillo
incapability,meat
rhinion,terreplein
camwood,hortensia
cupflower,gnome
agrological,delimitate
microglia,millettia
evildoer,tautog
disarmer,exhibitionist
exogenic,quieten
areal,redemptional
deathless,nonsteroid
alluvial,realise
execution,ninny
hark,horticulturist
megahit,presbyter
handlebar,logogram
anoint,beamish
unstuck,voider
awn,clove
abettor,schematize
concurrent,perusing
conceptive,withdrawn
frigidness,lolly
briony,broomstick
flickertail,masterstroke
aculeate,goldthread
badness,regroup
devise,hydroxybenzene
geometrically,hematopoietic
marshy,unknowable
cheddar,unteach
butane,hypolipoproteinemia
solemnity,unsuccessful
cesspit,ultimately
pitanga,scapegrace
nonslippery,tantalize
alalia,psychophysics
faculty,haematocele
fixings,prioress
naughty,sapidity
callable,pertinency
drawl,unceremonious
astrologer,saprophytic
fecula,surliness
bilingualist,methionine
federalize,roundly
hapless,woodscrew
birchbark,rugulah
osteal,salivation
nonfiction,xylophonist
axone,fatherlike
canvasser,magnitude
cosmetician,faraway
cultivator,terazosin
extendible,glyburide
pollyannaish,unearth
aright,currently
trumping,unrestricted
federalization,hebdomadal
elopement,leaflet
granite,mujahid
governmentally,peag
refutable,scuttlebutt
longhand,wrath
capriccio,stipend
chemosis,unfilled
atrophic,multiform
apologetically,manliness
chiropody,operationalist
barycenter,lashings
adumbration,ceaseless
pilewort,spelldown
dysosmia,smudge
cutback,nomenklatura
corporate,losings
credendum,eruditely
astereognosis,pocketful
impenitent,kraurosis
bigos,unknowingly
debark,unpopular
chlorobenzylidenemalononitrile,circulatory
alienation,transgress
confit,depletable
hemoptysis,shortage
stateroom,suspicious
anthophilous,credibly
habitableness,ology
brokenheartedness,rowdiness
ortolan,theosophy
adoptable,undisclosed
middleweight,victimise
appreciated,evolutionist
apocope,mainsail
fallacious,monastery
efficacy,singleton
azedarach,preindication
leaner,smooching
nonalcoholic,twofer
gaze,moquette
dissatisfy,mite
counterterrorist,warmheartedness
dismember,ramie
gasworks,hypernymy
epitheliod,waltzer
legate,sideropenia
covalency,exempt
fabulous,wonderland
mutualist,spaceflight
centriole,erosive
patriarchate,unextended
nitrocalcite,optimally
kleptomaniac,prerecord
lumpenproletariat,mammography
negligence,photochemical
funnily,hundredfold
unsown,vicennial
azonal,claustrum
categorised,forestry
cowbell,epimorphic
exotic,maze
advancement,prerecord
calla,cinerary
neckline,waitress
anoxia,birling
effluent,mottled
clerk,sexpot
rowdiness,underworld
metalwork,passe
induce,rifleman
deflexion,rectorship
airfield,alphameric
nymphomaniacal,paederast
mainly,scotoma
carbuncled,chitterlings
castellated,ceruminous
sachet,unharmonious
asynergy,droplet
bygone,usual
believingly,contralto
embrown,salinometer
segmentation,theistic
groundhog,reflux
scraggly,sodomize
browsing,unturned
lavation,owned
punk,tup
isosceles,luteotropin
dosage,improbableness
trifler,unattended
fibrinase,troponymy
balata,movability
dehumanised,sextuple
unspecialized,volatilisable
anchorman,primality
genet,intensely
proportion,transdermal
leptospira,sapote
brainish,flaky
neurilemoma,octroi
odoriferous,predate
macerative,refrigerating
clerk,officer
illusionist,neophyte
antrum,compatriot
moulder,nonnomadic
fluffiness,published
lockkeeper,perinatology
macrocyte,militainment
chinchona,sunny
accumbent,ceresin
inauthentic,underdevelop
uncomprehending,vendible
aliphatic,slowly
conceiver,remembering
mad,pretended
footballer,obsessive
persimmon,rhinoplasty
garage,scald
pessimist,threader
puking,rubidium
biconcave,cullis
becoming,sternness
glottochronology,spongelike
attester,deuce
domesticize,liquifiable
commuting,regardless
trachodont,tremolo
archdiocesan,transitoriness
giddy,polluter
dolichocephalic,snowball
disgraced,engulf
mallard,shantytown
salary,unitise
accumulate,tide
deniable,excellency
lambrequin,neuron
pedicle,sphinx
campaigner,formalwear
crackpot,intrench
astonishingly,interdisciplinary
shrunken,team
fielding,reggae
retrousse,teenaged
berried,moralise
baneberry,emasculated
crimper,monomaniac
butty,coarseness
armoire,livelihood
ethnology,whiptail
amoeban,redcap
demolition,teleselling
considerate,unglamourous
competitory,egalite
assassination,incoming
rasp,silique
poignance,robot
comedo,unshakably
reasonableness,unsuasible
peltate,piteously
enthronisation,request
inconceivably,wretch
ostentatiously,tinamou
millerite,unlearn
nematode,overexposure
calumny,lubricious
astrobiology,undecorated
frankly,reanimated
bitters,feedstock
apprehensiveness,duplicable
demonstration,piscine
dextrocardia,oxidised
corm,sugar
cryptographically,laelia
irksome,propagative
kurrat,monolatry
egoism,inflorescence
anaphrodisiac,unchivalrously
biltong,rosebush
huckleberry,nationhood
quench,through
phlebotomus,tinge
fructose,haul
discoverer,uncoated
dredge,pawnbroker
draped,unhazardous
diplomatic,fuzee
unpublishable,xcvi
artless,contemporary
slippy,transmitter
pucker,sleep
hereafter,improver
accusingly,formalwear
displacement,sermoniser
decanter,subtreasury
acclaim,syconium
century,soused
altruism,paraffin
attribute,dentist
compel,homemaker
grot,unsusceptibility
allegro,fossilization
boughten,mental
neutralized,unpolished
imbibe,vapors
cudgel,lieu
antinomianism,unconscionable
massicot,saturnalia
thickspread,thoroughfare
felon,mated
dishpan,nevertheless
aigrette,womanish
intertidal,plagiarized
frogmouth,gustatory
cretinism,spritz
synovitis,witchcraft
extraordinariness,teachership
malachite,semen
smoothy,spacious
elvish,sewage
chloroacetophenone,sunflower
discernment,umlaut
slippage,stabilization
fungicide,guillotine
hematogenic,indefatigableness
deconstruct,slenderness
apologize,possibility
listening,nominalist
achromic,floccose
boxthorn,shikse
nudger,surety
procural,visualization
fidgetiness,imperfectibility
disqualify,eelpout
funk,warragal
chit,cranial
demoniacal,mastabah
adulator,corrective
dada,housebound
blueberry,moustache
infirmity,peddling
variate,yokelish
chomp,nothing
prematurely,shagginess
bonnethead,lugworm
magnify,subordinating
aerobiosis,beetling
contrafagotto,encourage
imago,misalliance
subvocaliser,urochesia
brachial,shrieked
cyberwar,rubberize
epistolatory,satinleaf
ascomycetous,rondeau
callable,raddle
average,helianthemum
commonweal,femininity
goodish,premature
addle,undeniably
cultivable,fight
airport,hypermedia
deport,lysogenization
enfranchise,talcum
fluting,metre
gnarly,waste
panoptic,transposition
anoxemic,petulantly
idiomatically,unpresidential
dissertation,soldier
connected,pharmacy
just,lockdown
socket,unforfeitable
jointure,remorseless
chondrule,terminal
bestseller,powerhouse
totem,widening
fetter,serranid
caribou,prosodic
absent,coralroot
haze,hematology
fatigues,tenge
immoderateness,parking
coherence,improbability
clubfoot,impotency
edgewise,impersonally
columbary,venturesomeness
arthralgic,semantic
emplace,refractiveness
curtness,leathery
sapidness,unmalleability
jungly,marupa
healthfulness,rotated
fanny,ripely
crenulated,mortice
constitution,polyester
caplin,scrubber
publicized,remote
nudnik,protecting
bookbinder,graviton
nonspecific,tughrik
submitter,unsnarl
adenosis,bungle
disembark,subcommittee
blastocoele,severalty
chronological,immoveable
aleurone,ministerially
levitate,suction
christianly,extrapolate
diagnosis,distant
apogamic,zoology
precess,spirituous
globeflower,magnetometer
frogfish,politically
circumfuse,lobsterback
centesis,sideburn
bryanthus,whimsy
jobholder,unparalleled
parfait,rise
amative,prion
tertian,unfit
decarbonise,solenoid
deceit,western
photocopier,seamy
fain,vulturous
cryobiology,foliose
alligator,fatherliness
donate,shelve
bacteriologist,spectroscopic
monazite,orchestra
retrorse,shockingly
periodontic,rain
subspecies,yawner
anoxia,womanizer
aroused,cold
nick,orlop
betray,kainogenesis
beeswax,penultima
abjure,mosque
plague,veined
beatitude,diviner
chemotherapy,comeupance
defamer,world
bluegrass,nuthatch
electromyograph,straightway
aby,microphallus
disprover,shiny
gomphothere,merriment
beanbag,nowise
abracadabra,phoebe
epigastrium,sociolinguistically
lubrication,questioning
monoblast,washable
hawkish,layby
decagon,systemise
questionably,scorn
contender,manduction
reorganise,vapourised
ebulliently,fraternize
icetray,lighting
acephaly,protractor
anisogamete,eyeglasses
pasteurised,summertime
afflatus,mickle
cold,outpace
swag,threshing
encumbrance,goiter
androgenous,peccadillo
indispensableness,oligodontia
squirmer,stakeholder
globalisation,octosyllabic
earring,embarrassingly
croaking,rood
athletics,schuss
maven,narghile
viewless,whinny
operation,supervisor
ace,hike
assimilatory,phrasing
note,transcribe
buckeroo,certificated
academician,sternum
forthright,incorruption
arete,chrysalis
irresistibleness,ways
physical,querulously
glossalgia,sensibilise
haploidy,kneecap
aphaeretic,chichi
matrilinear,unbloody
attemper,subordinate
sociableness,teahouse
computable,plastering
actinometry,blare
redolence,unplanned
alpestrine,corruptive
carrier,snatch
quatercentennial,sequela
classy,sculpin
epikeratophakia,tactical
discolour,postmortal
aided,sideburn
patsy,puzzling
addition,civet
authority,congener
grillwork,scantily
changing,flyleaf
unbrace,unusefulness
carsick,cyclopedia
calming,plan
arranger,simvastatin
amphibia,conductor
monologuize,nymphomania
abdominoplasty,collapse
inquisitorial,semitransparency
detribalization,gagwriter
digitization,polypropene
runic,tetrametric
conscious,dinette
banefully,deposition
surpassingly,tattletale
ghetto,title
highflyer,tired
embryologic,meaty
logarithmically,progressiveness
disbarment,extenuate
speakable,supraorbital
apartheid,rivetter
fireplug,mountaineering
indiscipline,venerate
manganite,uxoriousness
inhaler,responsibility
gemsbok,syconium
countrywide,skiing
conjecturally,slaveless
stopwatch,unclear
masochistically,systematic
aquarium,wilt
biased,gingival
averse,catechu
ensuant,polyoestrous
megasporangium,unhallowed
idealistic,ira
bluebonnet,limply
satirical,umteenth
cantilever,unconstitutionally
actuation,penalize
abreact,dysphemism
fluoridize,frore
alendronate,painter
drunken,otterhound
pooler,successor
improvidence,unaffiliated
oxime,processing
adnoun,unedifying
affluent,subterfuge
oystercatcher,poetical
armchair,cardiograph
dilettante,wakeboard
businesslike,enchant
pesantren,sesquicentennial
chinquapin,sorted
citric,clinker
aerogramme,lipide
accroides,openhanded
antitrust,worshiper
intent,specificity
